epoch,step,train_loss
49,49,0.19501221179962158
99,99,0.0076559437438845634
